execution_id,allocation_id,quantity,price,executed_at
1,9000,300,139.80,2026-10-01T10:05:00
2,9011,200,512.10,2026-10-06T10:02:00
3,9011,150,512.55,2026-10-06T13:47:00
4,9012,300,511.90,2026-10-06T10:15:00
5,9013,100,512.30,2026-10-06T11:20:00
6,9022,80,143.20,2026-10-06T10:40:00
7,9022,120,143.45,2026-10-06T14:05:00
8,9031,600,98.28,2026-10-06T10:20:00
9,9032,300,98.30,2026-10-06T10:21:00
10,9041,150,512.40,2026-10-06T14:40:00
11,9051,200,512.20,2026-10-06T10:01:00
12,9051,200,512.35,2026-10-06T11:30:00
13,9051,100,512.60,2026-10-06T14:45:00
14,9052,250,512.25,2026-10-06T10:03:00
15,9062,200,18.40,2026-10-06T08:30:00
