account_id,security_id,quantity,as_of
101,1,7250,2026-09-30
101,2,5600,2026-09-30
101,3,26500,2026-09-30
101,4,2900,2026-09-30
101,6,9400,2026-09-30
101,7,6300,2026-09-30
101,9,41250.00,2026-09-30
102,1,1450,2026-09-30
102,2,1100,2026-09-30
102,3,5650,2026-09-30
102,4,450,2026-09-30
102,6,7150,2026-09-30
102,7,2350,2026-09-30
102,9,9800.00,2026-09-30
103,1,5100,2026-09-30
103,2,3700,2026-09-30
103,3,18850,2026-09-30
103,4,1600,2026-09-30
103,6,8600,2026-09-30
103,7,4700,2026-09-30
103,9,81300.00,2026-09-30
104,1,940,2026-09-30
104,2,640,2026-09-30
104,3,3100,2026-09-30
104,4,295,2026-09-30
104,6,3270,2026-09-30
104,7,1710,2026-09-30
104,9,144210.6000,2026-09-30
105,1,2300,2026-09-30
105,2,1450,2026-09-30
105,3,7600,2026-09-30
105,4,1180,2026-09-30
105,6,9100,2026-09-30
105,7,2050,2026-09-30
105,9,15600.00,2026-09-30
106,1,1500,2026-09-30
106,2,1150,2026-09-30
106,3,5000,2026-09-30
106,4,340,2026-09-30
106,5,21000,2026-09-30
106,6,3480,2026-09-30
106,7,1150,2026-09-30
106,9,32400.00,2026-09-30
201,6,41000,2026-09-30
201,8,52000,2026-09-30
201,1,3300,2026-09-30
201,5,41000,2026-09-30
201,9,410000.00,2026-09-30
202,1,2400,2026-09-30
202,5,62000,2026-09-30
202,6,57000,2026-09-30
202,9,260000.00,2026-09-30
203,1,1450,2026-09-30
203,5,10000,2026-09-30
203,6,21000,2026-09-30
203,9,30000.00,2026-09-30
