transaction_id,account_id,security_id,quantity,trade_date,settle_date,type,execution_id
1,105,4,300,2026-10-01,2026-10-02,Buy,1
2,105,9,-41940.00,2026-10-01,2026-10-02,Cash buy,1
3,101,1,-200,2026-10-06,2026-10-07,Sell,2
4,101,9,102420.00,2026-10-06,2026-10-07,Cash sell,2
5,101,1,-150,2026-10-06,2026-10-07,Sell,3
6,101,9,76882.50,2026-10-06,2026-10-07,Cash sell,3
7,105,1,-300,2026-10-06,2026-10-07,Sell,4
8,105,9,153570.00,2026-10-06,2026-10-07,Cash sell,4
9,102,1,-100,2026-10-06,2026-10-07,Sell,5
10,102,9,51230.00,2026-10-06,2026-10-07,Cash sell,5
11,105,4,-80,2026-10-06,2026-10-07,Sell,6
12,105,9,11456.00,2026-10-06,2026-10-07,Cash sell,6
13,105,4,-120,2026-10-06,2026-10-07,Sell,7
14,105,9,17214.00,2026-10-06,2026-10-07,Cash sell,7
15,101,6,600,2026-10-06,2026-10-07,Buy,8
16,101,9,-58968.00,2026-10-06,2026-10-07,Cash buy,8
17,106,6,300,2026-10-06,2026-10-07,Buy,9
18,106,9,-29490.00,2026-10-06,2026-10-07,Cash buy,9
19,103,1,150,2026-10-06,2026-10-07,Buy,10
20,103,9,-76860.00,2026-10-06,2026-10-07,Cash buy,10
21,201,1,-200,2026-10-06,2026-10-07,Sell,11
22,201,9,102440.00,2026-10-06,2026-10-07,Cash sell,11
23,201,1,-200,2026-10-06,2026-10-07,Sell,12
24,201,9,102470.00,2026-10-06,2026-10-07,Cash sell,12
25,201,1,-100,2026-10-06,2026-10-07,Sell,13
26,201,9,51260.00,2026-10-06,2026-10-07,Cash sell,13
27,202,1,-250,2026-10-06,2026-10-07,Sell,14
28,202,9,128062.50,2026-10-06,2026-10-07,Cash sell,14
29,203,5,-200,2026-10-06,2026-10-07,Sell,15
30,203,10,3680.00,2026-10-06,2026-10-07,Cash sell,15
31,102,9,25000.00,2026-10-01,2026-10-01,Deposit,
